question,expected_company
"What does TCS do and which segments does it have?",TCS
"What are the main risks for TCS?",TCS
"What are the key financial figures of TCS?",TCS
"What does Infosys do and what are its major business areas?",Infosys
"What are the main risks for Infosys?",Infosys
"What does HCLTech do?",HCLTech
"What are the key strengths of HCLTech?",HCLTech
"What are the major businesses of Reliance Industries?",Reliance Industries
"What are the main risks for Reliance Industries?",Reliance Industries
"What are the main business segments of HDFC Bank?",HDFC Bank
"What are the key strengths of HDFC Bank?",HDFC Bank
"What are the main business areas of State Bank of India?",SBI
"What are the main risks for State Bank of India?",SBI
"What are the major business segments of Tata Motors?",Tata Motors
"What are the key strengths of Maruti Suzuki?",Maruti Suzuki
"What are the main business areas of Hindustan Unilever?",HUL
"What are the main risks for Sun Pharma?",Sun Pharma
"What does Larsen & Toubro do?",L&T
"What are the main business segments of ICICI Bank?",ICICI Bank
"What are the key risks for ICICI Bank?",ICICI Bank